{"cameraMode":{"drawMode":0,"name":"Shaded","section":"Shading Mode"},"sceneLighting":true,"audioPlay":false,"sceneViewState":{"m_AlwaysRefresh":false,"showFog":true,"showSkybox":true,"showFlares":true,"showImageEffects":true,"showParticleSystems":true,"showVisualEffectGraphs":true,"m_FxEnabled":true},"in2DMode":false,"pivot":{"x":-0.2915698289871216,"y":1.0711088180541993,"z":10.372345924377442},"rotation":{"x":0.5383289456367493,"y":0.17596448957920075,"z":-0.11609072238206864,"w":0.8159562349319458},"size":1.224794626235962,"orthographic":false}